[{"model": "contenttypes.contenttype", "pk": 1, "fields": {"app_label": "admin", "model": "logentry"}}, {"model": "contenttypes.contenttype", "pk": 2, "fields": {"app_label": "auth", "model": "user"}}, {"model": "contenttypes.contenttype", "pk": 3, "fields": {"app_label": "auth", "model": "group"}}, {"model": "contenttypes.contenttype", "pk": 4, "fields": {"app_label": "auth", "model": "permission"}}, {"model": "contenttypes.contenttype", "pk": 5, "fields": {"app_label": "contenttypes", "model": "contenttype"}}, {"model": "contenttypes.contenttype", "pk": 6, "fields": {"app_label": "sessions", "model": "session"}}, {"model": "contenttypes.contenttype", "pk": 7, "fields": {"app_label": "myapp", "model": "book"}}, {"model": "contenttypes.contenttype", "pk": 8, "fields": {"app_label": "myapp", "model": "publisher"}}, {"model": "contenttypes.contenttype", "pk": 9, "fields": {"app_label": "myapp", "model": "member"}}, {"model": "contenttypes.contenttype", "pk": 10, "fields": {"app_label": "myapp", "model": "order"}}, {"model": "contenttypes.contenttype", "pk": 11, "fields": {"app_label": "myapp", "model": "review"}}, {"model": "sessions.session", "pk": "21mscwvvrkk6i7v54cmba8fmo8qmvcvg", "fields": {"session_data": "NjM3YjhhOTI2NDU3ZjA4NTdlMDljNDNlYzBjYTNhZGE0MTc4OTYzNzp7Il9hdXRoX3VzZXJfaWQiOiIxIiwiX2F1dGhfdXNlcl9oYXNoIjoiNTMwMDJhNzNiOWE5NTE0ZTI4NWI5NDQ1MDJjYTU4ZWU1ZGQyODc1YSIsIl9hdXRoX3VzZXJfYmFja2VuZCI6ImRqYW5nby5jb250cmliLmF1dGguYmFja2VuZHMuTW9kZWxCYWNrZW5kIn0=", "expire_date": "2019-11-18T17:54:31.384Z"}}, {"model": "sessions.session", "pk": "29gemfaujfcy7usfmv4v8q8cseesaea5", "fields": {"session_data": "MmE3ODQ2MTZjMGQyYjM3ZDZhN2IxYzM5ODQ4NTZkMTE3MzYwNjQ3ODp7fQ==", "expire_date": "2019-12-09T02:22:06.805Z"}}, {"model": "sessions.session", "pk": "5ifod348ohbadh34xmapshphmp6fmqze", "fields": {"session_data": "ZjM2NThjODA5NWE4YzMyMGZiMzQ5NzkwNzE3MmVkMzU1NDFjZDY0Zjp7Imxhc3RfbG9naW4iOiIyMDE5LTExLTI1IDIzOjI4OjEyLjUzNTgwOCIsIl9zZXNzaW9uX2V4cGlyeSI6MzYwMCwiX2F1dGhfdXNlcl9pZCI6IjciLCJfYXV0aF91c2VyX2JhY2tlbmQiOiJkamFuZ28uY29udHJpYi5hdXRoLmJhY2tlbmRzLk1vZGVsQmFja2VuZCIsIl9hdXRoX3VzZXJfaGFzaCI6ImY1YjliZDVmMzM5NmYwYTFhM2RkNzg0YzQyMTI1OGU0MDYwMDk1NGMifQ==", "expire_date": "2019-11-25T18:58:12.556Z"}}, {"model": "sessions.session", "pk": "cduuwu0glor4uj2sgbfq6gpx72gnbepm", "fields": {"session_data": "OWY0MzMzYTFiYzZlZGY2Mzk0MjQwOTE2ODY3NmVhZWYzYmRjYWU2MDp7Il9hdXRoX3VzZXJfYmFja2VuZCI6ImRqYW5nby5jb250cmliLmF1dGguYmFja2VuZHMuTW9kZWxCYWNrZW5kIiwiX2F1dGhfdXNlcl9oYXNoIjoiNTMwMDJhNzNiOWE5NTE0ZTI4NWI5NDQ1MDJjYTU4ZWU1ZGQyODc1YSIsIl9hdXRoX3VzZXJfaWQiOiIxIn0=", "expire_date": "2019-11-03T05:49:37.513Z"}}, {"model": "sessions.session", "pk": "q3grflplmvt73gxz8bi6n772ewo97rcb", "fields": {"session_data": "NTJjYzBhZGJhOGRhNTlhMjY5Y2Y0NTIyZThlNDRiNDNlY2MzY2FmMDp7Il9hdXRoX3VzZXJfaWQiOiIxIiwiX2F1dGhfdXNlcl9oYXNoIjoiNTMwMDJhNzNiOWE5NTE0ZTI4NWI5NDQ1MDJjYTU4ZWU1ZGQyODc1YSIsIl9hdXRoX3VzZXJfYmFja2VuZCI6ImRqYW5nby5jb250cmliLmF1dGguYmFja2VuZHMuTW9kZWxCYWNrZW5kIiwibGFzdF9sb2dpbiI6IjIwMTktMTEtMjUgMDc6NTk6MDcuMDEzOTA3IiwiX3Nlc3Npb25fZXhwaXJ5IjozNjAwfQ==", "expire_date": "2019-11-25T03:29:07.304Z"}}, {"model": "myapp.publisher", "pk": 1, "fields": {"name": "Wiley", "website": "https://www.wiley.com/", "city": "Hoboken", "country": "USA"}}, {"model": "myapp.publisher", "pk": 2, "fields": {"name": "Pearson", "website": "https://www.pearson.com/", "city": "London", "country": "England"}}, {"model": "myapp.publisher", "pk": 3, "fields": {"name": "Random House", "website": "http://www.randomhousebooks.com/", "city": "New York", "country": "USA"}}, {"model": "myapp.book", "pk": 1, "fields": {"title": "Advanced Optical Networks", "category": "S", "num_pages": 110, "price": "98.99", "publisher": 1, "description": "", "num_reviews": 0}}, {"model": "myapp.book", "pk": 2, "fields": {"title": "Wireless Networks", "category": "S", "num_pages": 300, "price": "187.54", "publisher": 2, "description": "", "num_reviews": 0}}, {"model": "myapp.book", "pk": 3, "fields": {"title": "A New World", "category": "T", "num_pages": 75, "price": "60.00", "publisher": 3, "description": "", "num_reviews": 0}}, {"model": "myapp.book", "pk": 4, "fields": {"title": "Python Programming", "category": "S", "num_pages": 275, "price": "145.99", "publisher": 2, "description": "", "num_reviews": 1}}, {"model": "myapp.book", "pk": 5, "fields": {"title": "A Good Story", "category": "F", "num_pages": 155, "price": "15.00", "publisher": 3, "description": "", "num_reviews": 0}}, {"model": "myapp.book", "pk": 6, "fields": {"title": "Jane Austen", "category": "B", "num_pages": 360, "price": "55.50", "publisher": 3, "description": "", "num_reviews": 0}}, {"model": "myapp.book", "pk": 7, "fields": {"title": "Jane Eyre", "category": "F", "num_pages": 280, "price": "9.99", "publisher": 3, "description": "", "num_reviews": 0}}, {"model": "myapp.book", "pk": 8, "fields": {"title": "Art History", "category": "O", "num_pages": 430, "price": "155.75", "publisher": 1, "description": "", "num_reviews": 0}}, {"model": "myapp.review", "pk": 1, "fields": {"reviewer": "keshapatel41096@gmail.com", "book": 1, "rating": 1, "comments": "gggyyggj", "date": "2019-11-18"}}, {"model": "myapp.review", "pk": 2, "fields": {"reviewer": "keshapatel41096@gmail.com", "book": 4, "rating": 5, "comments": "ssjcsjdcbshjc", "date": "2019-11-18"}}, {"model": "myapp.review", "pk": 3, "fields": {"reviewer": "xyz@gmail.com", "book": 5, "rating": 4, "comments": "very good", "date": "2019-11-25"}}, {"model": "auth.permission", "pk": 1, "fields": {"name": "Can add log entry", "content_type": 1, "codename": "add_logentry"}}, {"model": "auth.permission", "pk": 2, "fields": {"name": "Can change log entry", "content_type": 1, "codename": "change_logentry"}}, {"model": "auth.permission", "pk": 3, "fields": {"name": "Can delete log entry", "content_type": 1, "codename": "delete_logentry"}}, {"model": "auth.permission", "pk": 4, "fields": {"name": "Can view log entry", "content_type": 1, "codename": "view_logentry"}}, {"model": "auth.permission", "pk": 5, "fields": {"name": "Can add permission", "content_type": 4, "codename": "add_permission"}}, {"model": "auth.permission", "pk": 6, "fields": {"name": "Can change permission", "content_type": 4, "codename": "change_permission"}}, {"model": "auth.permission", "pk": 7, "fields": {"name": "Can delete permission", "content_type": 4, "codename": "delete_permission"}}, {"model": "auth.permission", "pk": 8, "fields": {"name": "Can view permission", "content_type": 4, "codename": "view_permission"}}, {"model": "auth.permission", "pk": 9, "fields": {"name": "Can add group", "content_type": 3, "codename": "add_group"}}, {"model": "auth.permission", "pk": 10, "fields": {"name": "Can change group", "content_type": 3, "codename": "change_group"}}, {"model": "auth.permission", "pk": 11, "fields": {"name": "Can delete group", "content_type": 3, "codename": "delete_group"}}, {"model": "auth.permission", "pk": 12, "fields": {"name": "Can view group", "content_type": 3, "codename": "view_group"}}, {"model": "auth.permission", "pk": 13, "fields": {"name": "Can add user", "content_type": 2, "codename": "add_user"}}, {"model": "auth.permission", "pk": 14, "fields": {"name": "Can change user", "content_type": 2, "codename": "change_user"}}, {"model": "auth.permission", "pk": 15, "fields": {"name": "Can delete user", "content_type": 2, "codename": "delete_user"}}, {"model": "auth.permission", "pk": 16, "fields": {"name": "Can view user", "content_type": 2, "codename": "view_user"}}, {"model": "auth.permission", "pk": 17, "fields": {"name": "Can add content type", "content_type": 5, "codename": "add_contenttype"}}, {"model": "auth.permission", "pk": 18, "fields": {"name": "Can change content type", "content_type": 5, "codename": "change_contenttype"}}, {"model": "auth.permission", "pk": 19, "fields": {"name": "Can delete content type", "content_type": 5, "codename": "delete_contenttype"}}, {"model": "auth.permission", "pk": 20, "fields": {"name": "Can view content type", "content_type": 5, "codename": "view_contenttype"}}, {"model": "auth.permission", "pk": 21, "fields": {"name": "Can add session", "content_type": 6, "codename": "add_session"}}, {"model": "auth.permission", "pk": 22, "fields": {"name": "Can change session", "content_type": 6, "codename": "change_session"}}, {"model": "auth.permission", "pk": 23, "fields": {"name": "Can delete session", "content_type": 6, "codename": "delete_session"}}, {"model": "auth.permission", "pk": 24, "fields": {"name": "Can view session", "content_type": 6, "codename": "view_session"}}, {"model": "auth.permission", "pk": 25, "fields": {"name": "Can add book", "content_type": 7, "codename": "add_book"}}, {"model": "auth.permission", "pk": 26, "fields": {"name": "Can change book", "content_type": 7, "codename": "change_book"}}, {"model": "auth.permission", "pk": 27, "fields": {"name": "Can delete book", "content_type": 7, "codename": "delete_book"}}, {"model": "auth.permission", "pk": 28, "fields": {"name": "Can view book", "content_type": 7, "codename": "view_book"}}, {"model": "auth.permission", "pk": 29, "fields": {"name": "Can add publisher", "content_type": 8, "codename": "add_publisher"}}, {"model": "auth.permission", "pk": 30, "fields": {"name": "Can change publisher", "content_type": 8, "codename": "change_publisher"}}, {"model": "auth.permission", "pk": 31, "fields": {"name": "Can delete publisher", "content_type": 8, "codename": "delete_publisher"}}, {"model": "auth.permission", "pk": 32, "fields": {"name": "Can view publisher", "content_type": 8, "codename": "view_publisher"}}, {"model": "auth.permission", "pk": 33, "fields": {"name": "Can add user", "content_type": 9, "codename": "add_member"}}, {"model": "auth.permission", "pk": 34, "fields": {"name": "Can change user", "content_type": 9, "codename": "change_member"}}, {"model": "auth.permission", "pk": 35, "fields": {"name": "Can delete user", "content_type": 9, "codename": "delete_member"}}, {"model": "auth.permission", "pk": 36, "fields": {"name": "Can view user", "content_type": 9, "codename": "view_member"}}, {"model": "auth.permission", "pk": 37, "fields": {"name": "Can add order", "content_type": 10, "codename": "add_order"}}, {"model": "auth.permission", "pk": 38, "fields": {"name": "Can change order", "content_type": 10, "codename": "change_order"}}, {"model": "auth.permission", "pk": 39, "fields": {"name": "Can delete order", "content_type": 10, "codename": "delete_order"}}, {"model": "auth.permission", "pk": 40, "fields": {"name": "Can view order", "content_type": 10, "codename": "view_order"}}, {"model": "auth.permission", "pk": 41, "fields": {"name": "Can add review", "content_type": 11, "codename": "add_review"}}, {"model": "auth.permission", "pk": 42, "fields": {"name": "Can change review", "content_type": 11, "codename": "change_review"}}, {"model": "auth.permission", "pk": 43, "fields": {"name": "Can delete review", "content_type": 11, "codename": "delete_review"}}, {"model": "auth.permission", "pk": 44, "fields": {"name": "Can view review", "content_type": 11, "codename": "view_review"}}, {"model": "auth.user", "pk": 1, "fields": {"password": "pbkdf2_sha256$150000$F0VoN95jobN9$RVjs3cY/eu4pQ1rPDbiL2S3KFPSsHU/ptoIiufD5P1c=", "last_login": "2019-12-12T22:09:06.266Z", "is_superuser": true, "username": "patel1oe", "first_name": "", "last_name": "", "email": "patel1oe@uwindsor.ca", "is_staff": true, "is_active": true, "date_joined": "2019-10-20T05:40:45.308Z", "groups": [], "user_permissions": []}}, {"model": "auth.user", "pk": 2, "fields": {"password": "johns@24", "last_login": null, "is_superuser": false, "username": "john", "first_name": "John", "last_name": "Smith", "email": "", "is_staff": false, "is_active": true, "date_joined": "2019-10-20T22:47:50Z", "groups": [], "user_permissions": []}}, {"model": "auth.user", "pk": 3, "fields": {"password": "maryh@24", "last_login": null, "is_superuser": false, "username": "mary", "first_name": "Mary", "last_name": "Hall", "email": "", "is_staff": false, "is_active": true, "date_joined": "2019-10-20T22:50:59Z", "groups": [], "user_permissions": []}}, {"model": "auth.user", "pk": 4, "fields": {"password": "alanj@24", "last_login": null, "is_superuser": false, "username": "alan", "first_name": "Alan", "last_name": "Jones", "email": "", "is_staff": false, "is_active": true, "date_joined": "2019-10-20T22:53:06Z", "groups": [], "user_permissions": []}}, {"model": "auth.user", "pk": 5, "fields": {"password": "joshj@24", "last_login": null, "is_superuser": false, "username": "josh", "first_name": "Josh", "last_name": "Jones", "email": "", "is_staff": false, "is_active": true, "date_joined": "2019-10-20T22:54:48Z", "groups": [], "user_permissions": []}}, {"model": "auth.user", "pk": 6, "fields": {"password": "billw@24", "last_login": null, "is_superuser": false, "username": "bill", "first_name": "Bill", "last_name": "Wang", "email": "", "is_staff": false, "is_active": true, "date_joined": "2019-10-20T22:56:07Z", "groups": [], "user_permissions": []}}, {"model": "auth.user", "pk": 7, "fields": {"password": "pbkdf2_sha256$150000$wtnqFwfwMFHa$ggu9ZEEGrhUqdDfKXOy4XTxWHEyVcyoTGF2AMBlaq5o=", "last_login": "2019-12-12T22:07:55.267Z", "is_superuser": false, "username": "anne", "first_name": "Anne", "last_name": "Wang", "email": "", "is_staff": false, "is_active": true, "date_joined": "2019-10-20T22:57:40Z", "groups": [], "user_permissions": []}}, {"model": "auth.user", "pk": 8, "fields": {"password": "pbkdf2_sha256$150000$JWvwavB7OFVe$qLv/pxe9gmGJO66dZiP8Gr/qCq350fqWuZBmmodrdMI=", "last_login": null, "is_superuser": false, "username": "jainis", "first_name": "jaini", "last_name": "shah", "email": "jjjhjhjjhgjhg@gjhgjhj.com", "is_staff": false, "is_active": true, "date_joined": "2019-12-12T21:37:04.825Z", "groups": [], "user_permissions": []}}, {"model": "myapp.member", "pk": 2, "fields": {"status": 2, "address": "123 University Avenue", "city": "Windsor", "province": "ON", "last_renewal": "2019-06-28", "auto_renew": true, "groups": [], "user_permissions": [], "borrowed_books": [1, 2, 3, 4]}}, {"model": "myapp.member", "pk": 3, "fields": {"status": 1, "address": "456 Sunset Avenue", "city": "Windsor", "province": "ON", "last_renewal": "2019-06-14", "auto_renew": true, "groups": [], "user_permissions": [], "borrowed_books": [1, 2, 3, 4, 5]}}, {"model": "myapp.member", "pk": 4, "fields": {"status": 1, "address": "789 King Street", "city": "Calgary", "province": "AB", "last_renewal": "2019-07-22", "auto_renew": false, "groups": [], "user_permissions": [], "borrowed_books": [2]}}, {"model": "myapp.member", "pk": 5, "fields": {"status": 3, "address": "456 Sunset Avenue", "city": "Montreal", "province": "QC", "last_renewal": "2019-06-10", "auto_renew": false, "groups": [], "user_permissions": [], "borrowed_books": [1, 2, 3, 4, 6]}}, {"model": "myapp.member", "pk": 6, "fields": {"status": 2, "address": "", "city": "Edmononton", "province": "AB", "last_renewal": "2019-06-28", "auto_renew": true, "groups": [], "user_permissions": [], "borrowed_books": [3, 7, 8]}}, {"model": "myapp.member", "pk": 7, "fields": {"status": 2, "address": "102 Curry Avenue", "city": "Edmononton", "province": "AB", "last_renewal": "2019-08-02", "auto_renew": true, "groups": [], "user_permissions": [], "borrowed_books": []}}, {"model": "myapp.member", "pk": 8, "fields": {"status": 2, "address": "hgfhhbjhkjjbhjhjmnbnbnb", "city": "Windsor", "province": "ON", "last_renewal": "2019-12-12", "auto_renew": true, "groups": [], "user_permissions": [], "borrowed_books": []}}, {"model": "myapp.order", "pk": 1, "fields": {"member": 2, "order_type": 1, "order_date": "2019-07-02", "books": [1, 2]}}, {"model": "myapp.order", "pk": 2, "fields": {"member": 2, "order_type": 1, "order_date": "2019-06-19", "books": [3, 4]}}, {"model": "myapp.order", "pk": 3, "fields": {"member": 3, "order_type": 1, "order_date": "2019-07-02", "books": [1, 3]}}, {"model": "myapp.order", "pk": 4, "fields": {"member": 4, "order_type": 1, "order_date": "2019-07-24", "books": [2]}}, {"model": "myapp.order", "pk": 5, "fields": {"member": 6, "order_type": 1, "order_date": "2019-07-02", "books": [3, 7, 8]}}, {"model": "myapp.order", "pk": 6, "fields": {"member": 3, "order_type": 0, "order_date": "2019-06-25", "books": [5, 6]}}, {"model": "myapp.order", "pk": 7, "fields": {"member": 5, "order_type": 0, "order_date": "2019-07-02", "books": [5, 8]}}, {"model": "myapp.order", "pk": 8, "fields": {"member": 4, "order_type": 1, "order_date": "2019-11-11", "books": []}}, {"model": "myapp.order", "pk": 9, "fields": {"member": 5, "order_type": 1, "order_date": "2019-11-11", "books": []}}, {"model": "myapp.order", "pk": 10, "fields": {"member": 5, "order_type": 0, "order_date": "2019-11-11", "books": []}}, {"model": "myapp.order", "pk": 11, "fields": {"member": 6, "order_type": 0, "order_date": "2019-11-11", "books": []}}, {"model": "myapp.order", "pk": 12, "fields": {"member": 5, "order_type": 1, "order_date": "2019-11-11", "books": []}}, {"model": "myapp.order", "pk": 13, "fields": {"member": 3, "order_type": 1, "order_date": "2019-11-11", "books": []}}, {"model": "myapp.order", "pk": 14, "fields": {"member": 4, "order_type": 1, "order_date": "2019-11-11", "books": []}}, {"model": "myapp.order", "pk": 15, "fields": {"member": 4, "order_type": 1, "order_date": "2019-11-11", "books": []}}, {"model": "myapp.order", "pk": 16, "fields": {"member": 4, "order_type": 1, "order_date": "2019-11-11", "books": []}}, {"model": "myapp.order", "pk": 17, "fields": {"member": 4, "order_type": 1, "order_date": "2019-11-11", "books": []}}, {"model": "myapp.order", "pk": 18, "fields": {"member": 2, "order_type": 0, "order_date": "2019-11-11", "books": []}}, {"model": "myapp.order", "pk": 19, "fields": {"member": 4, "order_type": 0, "order_date": "2019-11-11", "books": []}}, {"model": "myapp.order", "pk": 20, "fields": {"member": 3, "order_type": 1, "order_date": "2019-11-11", "books": []}}, {"model": "myapp.order", "pk": 21, "fields": {"member": 2, "order_type": 1, "order_date": "2019-11-18", "books": []}}, {"model": "myapp.order", "pk": 22, "fields": {"member": 3, "order_type": 1, "order_date": "2019-11-18", "books": [2, 5]}}, {"model": "myapp.order", "pk": 23, "fields": {"member": 3, "order_type": 1, "order_date": "2019-11-18", "books": [2, 3, 4]}}, {"model": "myapp.order", "pk": 24, "fields": {"member": 3, "order_type": 1, "order_date": "2019-11-18", "books": [2, 3, 4]}}, {"model": "myapp.order", "pk": 25, "fields": {"member": 5, "order_type": 1, "order_date": "2019-11-18", "books": [1, 2, 6]}}, {"model": "myapp.order", "pk": 26, "fields": {"member": 5, "order_type": 1, "order_date": "2019-11-25", "books": [1, 2, 3]}}, {"model": "myapp.order", "pk": 27, "fields": {"member": 5, "order_type": 1, "order_date": "2019-11-25", "books": [3, 4]}}, {"model": "admin.logentry", "pk": 1, "fields": {"action_time": "2019-10-20T05:56:24.281Z", "user": 1, "content_type": 8, "object_id": "1", "object_repr": "Wiley", "action_flag": 1, "change_message": "[{\"added\": {}}]"}}, {"model": "admin.logentry", "pk": 2, "fields": {"action_time": "2019-10-20T05:56:48.867Z", "user": 1, "content_type": 8, "object_id": "2", "object_repr": "Pearson", "action_flag": 1, "change_message": "[{\"added\": {}}]"}}, {"model": "admin.logentry", "pk": 3, "fields": {"action_time": "2019-10-20T05:57:15.624Z", "user": 1, "content_type": 8, "object_id": "3", "object_repr": "Random House", "action_flag": 1, "change_message": "[{\"added\": {}}]"}}, {"model": "admin.logentry", "pk": 4, "fields": {"action_time": "2019-10-20T05:59:01.888Z", "user": 1, "content_type": 7, "object_id": "1", "object_repr": "Advanced Optical Networks", "action_flag": 1, "change_message": "[{\"added\": {}}]"}}, {"model": "admin.logentry", "pk": 5, "fields": {"action_time": "2019-10-20T05:59:39.587Z", "user": 1, "content_type": 7, "object_id": "2", "object_repr": "Wireless Networks", "action_flag": 1, "change_message": "[{\"added\": {}}]"}}, {"model": "admin.logentry", "pk": 6, "fields": {"action_time": "2019-10-20T06:00:13.685Z", "user": 1, "content_type": 7, "object_id": "3", "object_repr": "A New World", "action_flag": 1, "change_message": "[{\"added\": {}}]"}}, {"model": "admin.logentry", "pk": 7, "fields": {"action_time": "2019-10-20T06:00:45.142Z", "user": 1, "content_type": 7, "object_id": "4", "object_repr": "Python Programming", "action_flag": 1, "change_message": "[{\"added\": {}}]"}}, {"model": "admin.logentry", "pk": 8, "fields": {"action_time": "2019-10-20T06:01:17.038Z", "user": 1, "content_type": 7, "object_id": "5", "object_repr": "A Good Story", "action_flag": 1, "change_message": "[{\"added\": {}}]"}}, {"model": "admin.logentry", "pk": 9, "fields": {"action_time": "2019-10-20T06:01:50.171Z", "user": 1, "content_type": 7, "object_id": "6", "object_repr": "Jane Austen", "action_flag": 1, "change_message": "[{\"added\": {}}]"}}, {"model": "admin.logentry", "pk": 10, "fields": {"action_time": "2019-10-20T06:02:16.293Z", "user": 1, "content_type": 7, "object_id": "7", "object_repr": "Jane Eyre", "action_flag": 1, "change_message": "[{\"added\": {}}]"}}, {"model": "admin.logentry", "pk": 11, "fields": {"action_time": "2019-10-20T06:02:55.758Z", "user": 1, "content_type": 7, "object_id": "8", "object_repr": "Art History", "action_flag": 1, "change_message": "[{\"added\": {}}]"}}, {"model": "admin.logentry", "pk": 12, "fields": {"action_time": "2019-10-20T17:03:36.849Z", "user": 1, "content_type": 8, "object_id": "3", "object_repr": "Random House", "action_flag": 2, "change_message": "[]"}}, {"model": "admin.logentry", "pk": 13, "fields": {"action_time": "2019-10-20T17:03:45.738Z", "user": 1, "content_type": 8, "object_id": "3", "object_repr": "Random House", "action_flag": 2, "change_message": "[]"}}, {"model": "admin.logentry", "pk": 14, "fields": {"action_time": "2019-10-20T17:04:50.504Z", "user": 1, "content_type": 8, "object_id": "2", "object_repr": "Pearson", "action_flag": 2, "change_message": "[{\"changed\": {\"fields\": [\"country\"]}}]"}}, {"model": "admin.logentry", "pk": 15, "fields": {"action_time": "2019-10-20T17:05:09.258Z", "user": 1, "content_type": 8, "object_id": "1", "object_repr": "Wiley", "action_flag": 2, "change_message": "[]"}}, {"model": "admin.logentry", "pk": 16, "fields": {"action_time": "2019-10-20T17:05:28.051Z", "user": 1, "content_type": 8, "object_id": "1", "object_repr": "Wiley", "action_flag": 2, "change_message": "[]"}}, {"model": "admin.logentry", "pk": 17, "fields": {"action_time": "2019-10-20T22:50:58.902Z", "user": 1, "content_type": 9, "object_id": "2", "object_repr": "johns", "action_flag": 1, "change_message": "[{\"added\": {}}]"}}, {"model": "admin.logentry", "pk": 18, "fields": {"action_time": "2019-10-20T22:53:06.282Z", "user": 1, "content_type": 9, "object_id": "3", "object_repr": "maryh", "action_flag": 1, "change_message": "[{\"added\": {}}]"}}, {"model": "admin.logentry", "pk": 19, "fields": {"action_time": "2019-10-20T22:54:47.844Z", "user": 1, "content_type": 9, "object_id": "4", "object_repr": "alanj", "action_flag": 1, "change_message": "[{\"added\": {}}]"}}, {"model": "admin.logentry", "pk": 20, "fields": {"action_time": "2019-10-20T22:56:07.071Z", "user": 1, "content_type": 9, "object_id": "5", "object_repr": "joshj", "action_flag": 1, "change_message": "[{\"added\": {}}]"}}, {"model": "admin.logentry", "pk": 21, "fields": {"action_time": "2019-10-20T22:57:39.768Z", "user": 1, "content_type": 9, "object_id": "6", "object_repr": "billw", "action_flag": 1, "change_message": "[{\"added\": {}}]"}}, {"model": "admin.logentry", "pk": 22, "fields": {"action_time": "2019-10-20T22:59:40.447Z", "user": 1, "content_type": 9, "object_id": "7", "object_repr": "annew", "action_flag": 1, "change_message": "[{\"added\": {}}]"}}, {"model": "admin.logentry", "pk": 23, "fields": {"action_time": "2019-10-20T23:00:01.410Z", "user": 1, "content_type": 9, "object_id": "7", "object_repr": "anne", "action_flag": 2, "change_message": "[{\"changed\": {\"fields\": [\"username\"]}}]"}}, {"model": "admin.logentry", "pk": 24, "fields": {"action_time": "2019-10-20T23:00:16.654Z", "user": 1, "content_type": 9, "object_id": "6", "object_repr": "bill", "action_flag": 2, "change_message": "[{\"changed\": {\"fields\": [\"username\"]}}]"}}, {"model": "admin.logentry", "pk": 25, "fields": {"action_time": "2019-10-20T23:00:32.185Z", "user": 1, "content_type": 9, "object_id": "5", "object_repr": "josh", "action_flag": 2, "change_message": "[{\"changed\": {\"fields\": [\"username\"]}}]"}}, {"model": "admin.logentry", "pk": 26, "fields": {"action_time": "2019-10-20T23:00:44.106Z", "user": 1, "content_type": 9, "object_id": "4", "object_repr": "alan", "action_flag": 2, "change_message": "[{\"changed\": {\"fields\": [\"username\"]}}]"}}, {"model": "admin.logentry", "pk": 27, "fields": {"action_time": "2019-10-20T23:00:57.652Z", "user": 1, "content_type": 9, "object_id": "3", "object_repr": "mary", "action_flag": 2, "change_message": "[{\"changed\": {\"fields\": [\"username\"]}}]"}}, {"model": "admin.logentry", "pk": 28, "fields": {"action_time": "2019-10-20T23:01:20.187Z", "user": 1, "content_type": 9, "object_id": "2", "object_repr": "john", "action_flag": 2, "change_message": "[{\"changed\": {\"fields\": [\"password\", \"username\"]}}]"}}, {"model": "admin.logentry", "pk": 29, "fields": {"action_time": "2019-10-20T23:02:13.905Z", "user": 1, "content_type": 10, "object_id": "1", "object_repr": "1", "action_flag": 1, "change_message": "[{\"added\": {}}]"}}, {"model": "admin.logentry", "pk": 30, "fields": {"action_time": "2019-10-20T23:03:17.789Z", "user": 1, "content_type": 10, "object_id": "2", "object_repr": "2", "action_flag": 1, "change_message": "[{\"added\": {}}]"}}, {"model": "admin.logentry", "pk": 31, "fields": {"action_time": "2019-10-20T23:03:48.636Z", "user": 1, "content_type": 10, "object_id": "3", "object_repr": "3", "action_flag": 1, "change_message": "[{\"added\": {}}]"}}, {"model": "admin.logentry", "pk": 32, "fields": {"action_time": "2019-10-20T23:04:18.759Z", "user": 1, "content_type": 10, "object_id": "4", "object_repr": "4", "action_flag": 1, "change_message": "[{\"added\": {}}]"}}, {"model": "admin.logentry", "pk": 33, "fields": {"action_time": "2019-10-20T23:04:48.956Z", "user": 1, "content_type": 10, "object_id": "5", "object_repr": "5", "action_flag": 1, "change_message": "[{\"added\": {}}]"}}, {"model": "admin.logentry", "pk": 34, "fields": {"action_time": "2019-10-20T23:05:27.332Z", "user": 1, "content_type": 10, "object_id": "6", "object_repr": "6", "action_flag": 1, "change_message": "[{\"added\": {}}]"}}, {"model": "admin.logentry", "pk": 35, "fields": {"action_time": "2019-10-20T23:05:59.099Z", "user": 1, "content_type": 10, "object_id": "7", "object_repr": "7", "action_flag": 1, "change_message": "[{\"added\": {}}]"}}, {"model": "admin.logentry", "pk": 36, "fields": {"action_time": "2019-11-25T17:14:43.144Z", "user": 1, "content_type": 2, "object_id": "7", "object_repr": "anne", "action_flag": 2, "change_message": "[{\"changed\": {\"fields\": [\"password\"]}}]"}}, {"model": "admin.logentry", "pk": 37, "fields": {"action_time": "2019-11-25T17:57:38.347Z", "user": 1, "content_type": 11, "object_id": "3", "object_repr": "3", "action_flag": 1, "change_message": "[{\"added\": {}}]"}}]